<addon id="repository.johnysko" name="Johnysko Repository" version="1.0.0" provider-name="Johnysko">
  <requires>
    <import addon="xbmc.addon" version="12.0.0" />
    <import addon="xbmc.python" version="3.0.0" />
  </requires>
  <extension point="xbmc.addon.repository" name="Johnysko Repo">
    <dir>
      <info compressed="false">https://repo.main.johnysko.stream/addons.xml</info>
      <checksum>https://repo.main.johnysko.stream/addons.xml.md5</checksum>
      <datadir zip="true">https://repo.main.johnysko.stream/zips/</datadir>
    </dir>
  </extension>
  <extension point="xbmc.addon.metadata">
    <summary>Johnysko Repozitář</summary>
    <description>Obsahuje kouzelnou věc</description>
    <platform>all</platform>
    <assets>
      <icon>icon.png</icon>
      <fanart>fanart.jpg</fanart>
    </assets>
  </extension>
</addon>